id;first_name;last_name;job_title;service;company_name;phone_number;mobile_number;website;email_address;address
1;Garnett;Schinner;Chief Directives Producer;Home Loan Account Table Computer;Trace;Savings Account alarm;Tasty Metal Bacon;red Chips Soap;Home Loan Account;web-readiness
2;Einar;Ledner;Investor Markets Liaison;zero administration;Multi-channelled Licensed;grey Cambridgeshire;Canyon HDD;Table Small Frozen Sausages Planner;envisioneer Music Public-key;infomediaries
3;Bonita;Monahan;Central Creative Supervisor;Regional;Tuna;hardware Costa Rica Mayotte;Industrial;connect Markets Chief;capacitor archive;sky blue Tasty Plastic Pizza
4;Gilberto;Rogahn;Future Operations Assistant;compelling mission-critical;bifurcated scalable;Small;deliverables reinvent 24 hour;overriding;monitor 1080p Checking Account;world-class Frozen IB
5;Lincoln;Kirlin;National Security Associate;moratorium moratorium;New York tangible Mississippi;Frozen bus;hard drive Robust Networked;Poland;Small partnerships;Outdoors
6;Lou;Krajcik;Product Infrastructure Analyst;Corporate Phased relationships;white Brand Money Market Account;Salad Web virtual;Refined Squares;maroon;EXE projection Fresh;support Gorgeous
7;Danny;O'Connell;District Solutions Assistant;SQL Games;Iraq Bedfordshire;Concrete 24/7 Directives;sky blue;Kenyan Shilling robust;Versatile Exclusive Moroccan Dirham;capability zero tolerance Computers
8;Leonard;Wolf;Global Group Associate;encompassing;deposit Canadian Dollar Lebanon;Designer Persistent;Handmade 24/7 Re-contextualized;web-enabled invoice withdrawal;bypassing optical;installation
9;Chyna;Powlowski;Lead Configuration Planner;Algerian Dinar;firewall;Future-proofed deposit Sausages;disintermediate Cambridgeshire hacking;bricks-and-clicks Concrete Global;Fiji Dollar Profound Bacon;Macao Equatorial Guinea Vision-oriented
10;Augusta;Wintheiser;Human Infrastructure Agent;deposit B2B cross-media;programming SCSI drive;invoice Unbranded Cheese;New Zealand Dollar Alabama transform;invoice Home Gloves;Buckinghamshire Ports;Devolved driver Networked
